[
    {
        "name": "Gale Reef",
        "image": "reef1.jpg",
        "description": "<p>Gale Reef description that tells you more about the location. This description is for testing purposes only.</p>"
    }, {
        "name": "Dawson's Reef",
        "image": "reef2.jpg",
        "description": "<p>Dawson's Reef description that tells you more about the location. This description is for testing purposes only.</p>" 
    }, {
        "name": "Claire's Reef",
        "image": "reef3.jpg",
        "description": "<p>Claire's Reef description that tells you more about the location. This description is for testing purposes only.</p>"
    }
]